afid,name,origin
60007776,Cornell University (Ithaca),affil-search-2026-09-03
60104946,Cornell University College of Engineering,affil-search-2026-09-03
60021620,Cornell University College of Veterinary Medicine,affil-search-2026-09-03
60104836,Cornell University College of Arts and Sciences,affil-search-2026-09-03
60027191,Cornell University Laboratory of Atomic and Solid State Physics,affil-search-2026-09-03
60012094,Cornell University College of Agriculture and Life Sciences,affil-search-2026-09-03
60025303,Cornell University School of Industrial and Labor Relations,affil-search-2026-09-03
60030638,Cornell University School of Hotel Administration,affil-search-2026-09-03
60028072,Department of Information Science (Cornell Ithaca),affil-search-2026-09-03
60104858,Cornell University Weill Institute for Cell and Molecular Biology,affil-search-2026-09-03
60001788,Cornell University Cooperative Extension,affil-search-2026-09-03
60013798,Cornell University Hospital for Animals,affil-search-2026-09-03
60097815,Cornell University Museum of Vertebrates,affil-search-2026-09-03
60007526,Cornell AgriTech (Geneva NY),affil-search-2026-09-03
101548990,Cornell Analytical Laboratories (Geneva NY),affil-search-2026-09-03
60104837,Cornell Tech (Roosevelt Island NYC),affil-search-2026-09-03
60003719,Cornell Law School,coverage-survey-2026-09-26
60011997,Cornell Lab of Ornithology,coverage-survey-2026-09-26
112434498,Laboratory of Ornithology (Ithaca, duplicate profile),coverage-survey-2026-09-26
60116635,Cornell SC Johnson College of Business,coverage-survey-2026-09-26
60144575,College of Human Ecology (Ithaca),coverage-survey-2026-09-26
112870443,Cornell (Ithaca),coverage-survey-2026-09-26
128790832,Cornell (Ithaca),coverage-survey-2026-09-26
60009777,Cornell Center for Astrophysics and Planetary Science,coverage-survey-2026-09-26
60144812,Department of Biological and Environmental Engineering (Ithaca),coverage-survey-2026-09-26
60009552,Cornell Biological Field Station (Bridgeport NY),coverage-survey-2026-09-26
126966821,Cornell Jeb E. Brooks School of Public Policy,coverage-survey-2026-09-26
112870402,Cornell Hotel School,coverage-survey-2026-09-26
121206217,School of Integrative Plant Science (Ithaca),coverage-survey-2026-09-26
60278093,Cornell Ann S. Bowers College of Computing and Information Science,coverage-survey-2026-09-26
60144542,Department of Earth and Atmospheric Sciences (Ithaca),coverage-survey-2026-09-26
60144786,Cornell Atkinson Center for Sustainability,coverage-survey-2026-09-26
60144800,Kavli Institute at Cornell,coverage-survey-2026-09-26
60144773,Jacobs Technion-Cornell Institute (Cornell Tech NYC),coverage-survey-2026-09-26
113710810,Dyson School (Cornell),coverage-survey-2026-09-26
